zip,city,state,latitude,longitude,visits,isCTR
01077,Southwick,MA,42.05283,-72.76966,7,FALSE
01340,Colrain,MA,42.673371,-72.73104,6,FALSE
01420,Fitchburg,MA,42.578689,-71.80338,4,FALSE
01431,Ashby,MA,42.672005,-71.8137,2,FALSE
01432,Ayer,MA,42.549821,-71.59136,12,FALSE
01436,Baldwinville,MA,42.608903,-72.08021,4,FALSE
01438,East Templeton,MA,42.563367,-72.03498,2,FALSE
01440,Gardner,MA,42.575355,-71.99183,15,FALSE
01450,Groton,MA,42.609887,-71.55722,45,FALSE
01453,Leominster,MA,42.526523,-71.75358,10,FALSE
01460,Littleton,MA,42.540052,-71.49085,6,FALSE
01462,Lunenburg,MA,42.582839,-71.72051,5,FALSE
01463,Pepperell,MA,42.665686,-71.5929,106,FALSE
01469,Townsend,MA,42.658738,-71.69204,31,FALSE
01474,West Townsend,MA,42.669408,-71.74578,4,FALSE
01510,Clinton,MA,42.418836,-71.68482,2,FALSE
01702,Framingham,MA,42.283995,-71.42161,2,FALSE
01721,Ashland,MA,42.257956,-71.45886,2,FALSE
01730,Bedford,MA,42.496679,-71.27504,12,FALSE
01740,Bolton,MA,42.437086,-71.61266,6,FALSE
01748,Hopkinton,MA,42.220447,-71.53418,11,FALSE
01801,Woburn,MA,42.484545,-71.15206,4,FALSE
01803,Burlington,MA,42.506362,-71.20008,5,FALSE
01821,Billerica,MA,42.54805,-71.25054,11,FALSE
01824,Chelmsford,MA,42.595491,-71.3544,19,FALSE
01826,Dracut,MA,42.677772,-71.316,4,FALSE
01827,Dunstable,MA,42.671356,-71.50292,62,FALSE
01830,Haverhill,MA,42.78519,-71.07011,4,FALSE
01841,Lawrence,MA,42.71159,-71.16667,2,FALSE
01843,Lawrence,MA,42.691091,-71.16078,2,FALSE
01844,Methuen,MA,42.73004,-71.17935,4,FALSE
01850,Lowell,MA,42.655791,-71.30504,8,FALSE
01851,Lowell,MA,42.630915,-71.33238,22,FALSE
01852,Lowell,MA,42.634112,-71.29849,10,FALSE
01853,Lowell,MA,42.446396,-71.459405,2,FALSE
01854,Lowell,MA,42.649758,-71.33348,3,FALSE
01863,North Chelmsford,MA,42.634199,-71.39322,26,FALSE
01879,Tyngsboro,MA,42.671589,-71.41694,42,FALSE
01886,Westford,MA,42.592086,-71.43754,48,FALSE
01890,Winchester,MA,42.451945,-71.14276,2,FALSE
01904,Lynn,MA,42.490421,-70.96579,4,FALSE
01907,Swampscott,MA,42.474409,-70.90588,5,FALSE
01913,Amesbury,MA,42.854423,-70.93547,10,FALSE
01950,Newburyport,MA,42.809891,-70.86363,2,FALSE
01952,Salisbury,MA,42.85048,-70.86153,2,FALSE
01982,South Hamilton,MA,42.616643,-70.86513,2,FALSE
02019,Bellingham,MA,42.075122,-71.47953,6,FALSE
02038,Franklin,MA,42.089104,-71.4069,2,FALSE
02111,Boston,MA,42.349838,-71.06101,2,FALSE
02129,Charlestown,MA,42.378619,-71.06495,3,FALSE
02155,Medford,MA,42.419846,-71.10942,4,FALSE
02176,Melrose,MA,42.459045,-71.06233,4,FALSE
02186,Milton,MA,42.253074,-71.07496,2,FALSE
02421,Lexington,MA,42.439295,-71.23553,4,FALSE
02481,Wellesley Hills,MA,42.313329,-71.27649,2,FALSE
02492,Needham,MA,42.278247,-71.23388,5,FALSE
02740,New Bedford,MA,41.634754,-70.93752,4,FALSE
03031,Amherst,NH,42.854886,-71.6082,938,FALSE
03032,Auburn,NH,43.000345,-71.35141,17,FALSE
03033,Brookline,NH,42.742587,-71.66605,274,FALSE
03034,Candia,NH,43.048372,-71.3078,6,FALSE
03036,Chester,NH,42.967823,-71.23453,8,FALSE
03037,Deerfield,NH,43.141746,-71.2488,9,FALSE
03038,Derry,NH,42.886486,-71.30019,122,FALSE
03042,Epping,NH,43.045076,-71.07095,9,FALSE
03043,Francestown,NH,42.976901,-71.81007,2,FALSE
03044,Fremont,NH,42.986119,-71.12524,2,FALSE
03045,Goffstown,NH,43.037495,-71.57023,60,FALSE
03047,Greenfield,NH,42.935709,-71.86645,12,FALSE
03048,Greenville,NH,42.747024,-71.77591,71,FALSE
03049,Hollis,NH,42.739909,-71.58044,348,FALSE
03051,Hudson,NH,42.759821,-71.42079,421,FALSE
03052,Litchfield,NH,42.85059,-71.45379,291,FALSE
03053,Londonderry,NH,42.880481,-71.38205,291,FALSE
03054,Merrimack,NH,42.858053,-71.51216,9468,FALSE
03055,Milford,NH,42.831686,-71.66743,839,FALSE
03057,Mont Vernon,NH,42.899434,-71.68057,94,FALSE
03060,Nashua,NH,42.748888,-71.46492,736,FALSE
03061,Nashua,NH,42.952124,-71.653939,2,FALSE
03062,Nashua,NH,42.724822,-71.49238,863,FALSE
03063,Nashua,NH,42.770738,-71.51047,933,FALSE
03064,Nashua,NH,42.774171,-71.47306,914,FALSE
03070,New Boston,NH,42.978267,-71.69414,30,FALSE
03071,New Ipswich,NH,42.753726,-71.86706,17,FALSE
03076,Pelham,NH,42.734182,-71.32359,24,FALSE
03077,Raymond,NH,43.031491,-71.19598,10,FALSE
03079,Salem,NH,42.792456,-71.21316,14,FALSE
03082,Lyndeborough,NH,42.902259,-71.78452,21,FALSE
03084,Temple,NH,42.81949,-71.85063,12,FALSE
03086,Wilton,NH,42.830184,-71.78177,127,FALSE
03087,Windham,NH,42.805194,-71.29878,30,FALSE
03101,Manchester,NH,42.989984,-71.46376,22,FALSE
03102,Manchester,NH,42.990684,-71.4868,108,FALSE
03103,Manchester,NH,42.967684,-71.44828,279,FALSE
03104,Manchester,NH,43.006033,-71.44716,116,FALSE
03106,Hooksett,NH,43.058785,-71.44412,77,FALSE
03109,Manchester,NH,42.972584,-71.41349,91,FALSE
03110,Bedford,NH,42.942551,-71.51993,1450,FALSE
03225,Center Barnstead,NH,43.354005,-71.22819,2,FALSE
03229,Contoocook,NH,43.204192,-71.70711,2,FALSE
03234,Epsom,NH,43.228594,-71.3611,2,FALSE
03242,Henniker,NH,43.173469,-71.81722,4,FALSE
03244,Hillsboro,NH,43.119417,-71.92108,2,FALSE
03246,Laconia,NH,43.557153,-71.43842,4,FALSE
03253,Meredith,NH,43.644559,-71.50488,3,FALSE
03257,New London,NH,43.418863,-72.00004,2,FALSE
03258,Chichester,NH,43.255881,-71.397599,4,FALSE
03268,Salisbury,NH,43.388571,-71.74199,5,FALSE
03275,Suncook,NH,43.152469,-71.43654,2,FALSE
03281,Weare,NH,43.080986,-71.72329,21,FALSE
03301,Concord,NH,43.213705,-71.53774,9,FALSE
03303,Concord,NH,43.283796,-71.63832,19,FALSE
03304,Bow,NH,43.144614,-71.53576,8,FALSE
03431,Keene,NH,42.946418,-72.28616,12,FALSE
03440,Antrim,NH,43.060424,-71.95068,4,FALSE
03445,Sullivan,NH,43.009728,-72.19383,8,FALSE
03446,Swanzey,NH,42.870578,-72.29978,2,FALSE
03447,Fitzwilliam,NH,42.754744,-72.14838,15,FALSE
03449,Hancock,NH,42.975105,-71.98913,10,FALSE
03452,Jaffrey,NH,42.827096,-72.03418,22,FALSE
03455,Marlborough,NH,42.932177,-72.16219,4,FALSE
03458,Peterborough,NH,42.884919,-71.95133,43,FALSE
03461,Rindge,NH,42.749835,-72.01034,37,FALSE
03592,Pittsburg,NH,45.085547,-71.30724,20,FALSE
03598,Whitefield,NH,44.378771,-71.62248,2,FALSE
03748,Enfield,NH,43.614847,-72.12058,2,FALSE
03801,Portsmouth,NH,43.070188,-70.776840000000007,2,FALSE
03820,Dover,NH,43.190984,-70.88787,5,FALSE
03833,Exeter,NH,42.973783,-70.97665,17,FALSE
03841,Hampstead,NH,42.880837,-71.18252,11,FALSE
03856,Newfields,NH,43.03833,-70.95076,6,FALSE
03867,Rochester,NH,43.304163,-70.99816,6,FALSE
03873,Sandown,NH,42.929588,-71.18444,4,FALSE
03884,Strafford,NH,43.257919,-71.17701,3,FALSE
03886,Tamworth,NH,43.857079,-71.25988,4,FALSE
04002,Alfred,ME,43.490939,-70.6884,4,FALSE
04005,Biddeford,ME,43.480704,-70.45871,3,FALSE
04033,Freeport,ME,44.408078,-70.470703,2,FALSE
04038,Gorham,ME,43.697118,-70.46301,4,FALSE
04061,North Waterboro,ME,43.643195,-70.73033,3,FALSE
04106,South Portland,ME,43.631549,-70.27272,6,FALSE
04612,Bernard,ME,44.247391,-68.37104,2,FALSE
04901,Waterville,ME,44.554965,-69.61297,2,FALSE
05089,Windsor,VT,43.486791,-72.42611,7,FALSE
06001,Avon,CT,41.789698,-72.86431,4,FALSE
06035,Granby,CT,41.959713,-72.79826,2,FALSE
06062,Plainville,CT,41.671548,-72.86294,8,FALSE
06360,Norwich,CT,41.533848,-72.06232,2,FALSE
06457,Middletown,CT,41.553672,-72.6632,2,FALSE
07022,Fairview,NJ,40.816737,-74.00082,4,FALSE
08831,Jamesburg,NJ,40.336508,-74.43302,2,FALSE
09464,Apo,AE,NA,NA,4,FALSE
10013,New York,NY,40.720666,-74.00526,2,FALSE
10309,Staten Island,NY,40.529749,-74.21304,2,FALSE
11232,Brooklyn,NY,40.655481,-74.00424,4,FALSE
12018,Averill Park,NY,42.62742,-73.53494,2,FALSE
12303,Schenectady,NY,42.769009,-73.93619,5,FALSE
12983,Saranac Lake,NY,44.324736,-74.16843,4,FALSE
19301,Paoli,PA,40.042252,-75.48357,6,FALSE
20191,Reston,VA,38.934709,-77.3469,4,FALSE
21122,Pasadena,MD,39.125776,-76.51863,3,FALSE
21230,Baltimore,MD,39.273107,-76.62613,14,FALSE
22003,Annandale,VA,38.830345,-77.21387,9,FALSE
22192,Woodbridge,VA,38.678451,-77.30657,2,FALSE
22546,Ruther Glen,VA,37.95969,-77.47733,2,FALSE
26241,Elkins,WV,38.920042,-79.8446,2,FALSE
27540,Holly Springs,NC,35.643545,-78.83486,3,FALSE
28115,Mooresville,NC,35.584157,-80.80258,3,FALSE
33017,Hialeah,FL,25.558428,-80.458168,2,FALSE
37130,Murfreesboro,TN,35.860152,-86.3648,2,FALSE
43123,Grove City,OH,39.88628,-83.07989,2,FALSE
75067,Lewisville,TX,33.020118,-97.00771,2,FALSE
75238,Dallas,TX,32.873926,-96.70922,6,FALSE
80129,Littleton,CO,39.539556,-105.009739,4,FALSE
91207,Glendale,CA,34.165373,-118.24532,4,FALSE
98019,Duvall,WA,47.7353,-121.96222,7,FALSE
98406,Tacoma,WA,47.26302,-122.49518,2,FALSE
NA,Merrimack Altitude,NA,42.848935,-71.494521,NA,TRUE
