cityState,visits,lat,lon,isCTR"Alfred, ME",4,43.47684,-70.716934,FALSE"Amesbury, MA",10,42.8579536,-70.9300921,FALSE"Amherst, NH",938,42.8642874,-71.6252484,FALSE"Annandale, VA",9,38.8303098,-77.1964966,FALSE"Antrim, NH",4,43.0309142,-71.9389689,FALSE"Ashby, MA",2,42.6778657,-71.8203525,FALSE"Ashland, MA",2,42.2612067,-71.4633956,FALSE"Auburn, NH",17,43.0045289,-71.348398,FALSE"Averill Park, NY",2,42.6343578,-73.5537673,FALSE"Avon, CT",4,41.7916621,-72.86227881,FALSE"Ayer, MA",12,42.5612021,-71.5897897,FALSE"Baldwinville, MA",4,42.6084207,-72.075913,FALSE"Baltimore, MD",14,39.2908816,-76.610759,FALSE"Bedford, MA",12,42.4917301,-71.2817947,FALSE"Bedford, NH",1450,42.9464737,-71.5159015,FALSE"Bellingham, MA",6,42.0869493,-71.4746436,FALSE"Bernard, ME",2,44.2411917,-68.3558508,FALSE"Biddeford, ME",3,43.4925843,-70.4533844,FALSE"Billerica, MA",11,42.5584264,-71.268947,FALSE"Bolton, MA",6,42.4334258,-71.6078449,FALSE"Boston, MA",2,42.3602534,-71.0582912,FALSE"Bow, NH",8,43.133061,-71.549149,FALSE"Brookline, NH",274,42.7348102,-71.6581267,FALSE"Brooklyn, NY",4,40.6501038,-73.9495823,FALSE"Burlington, MA",5,42.5048167,-71.1956111,FALSE"Candia, NH",6,43.077916,-71.277237,FALSE"Center Barnstead, NH",2,43.339247,-71.2595107,FALSE"Charlestown, MA",3,42.3778749,-71.0619957,FALSE"Chelmsford, MA",19,42.5998139,-71.3672838,FALSE"Chester, NH",8,42.9567525,-71.2572846,FALSE"Chichester, NH",4,43.249704,-71.400146,FALSE"Clinton, MA",2,42.4199632,-71.6859507,FALSE"Colrain, MA",6,42.6728607,-72.6971665,FALSE"Concord, NH",28,43.207178,-71.537476,FALSE"Contoocook, NH",2,43.2224096,-71.7135465,FALSE"Dallas, TX",6,32.7762719,-96.7968559,FALSE"Deerfield, NH",9,43.146589,-71.216812,FALSE"Derry, NH",122,42.8808677,-71.3264492,FALSE"Dover, NH",5,43.198057,-70.8739158,FALSE"Dracut, MA",4,42.6703687,-71.3020052,FALSE"Dunstable, MA",62,42.6750898,-71.4828433,FALSE"Duvall, WA",7,47.7423219,-121.9856782,FALSE"East Templeton, MA",2,42.563144,-72.0370227,FALSE"Elkins, WV",2,38.925927,-79.8466552,FALSE"Enfield, NH",2,43.60178965,-72.11272781,FALSE"Epping, NH",9,43.0394461,-71.0730253,FALSE"Epsom, NH",2,43.223191,-71.332169,FALSE"Exeter, NH",17,42.981477,-70.9478343,FALSE"Fairview, NJ",4,40.8126006,-73.999028,FALSE"Fitchburg, MA",4,42.5834228,-71.8022956,FALSE"Fitzwilliam, NH",15,42.7804398,-72.145832,FALSE"Framingham, MA",2,42.2792625,-71.416172,FALSE"Francestown, NH",2,42.9875825,-71.8125769,FALSE"Franklin, MA",2,42.5896205,-72.6110645,FALSE"Freeport, ME",2,43.857307,-70.10376,FALSE"Fremont, NH",2,42.9909194,-71.1425606,FALSE"Gardner, MA",15,42.5750883,-71.998133,FALSE"Glendale, CA",4,34.192912,-118.2462486,FALSE"Goffstown, NH",60,43.0203609,-71.600349,FALSE"Gorham, ME",4,43.6796943,-70.4429342,FALSE"Granby, CT",2,41.9801586,-72.82505677,FALSE"Greenfield, NH",12,42.9506384,-71.8723003,FALSE"Greenville, NH",71,42.7673087,-71.8122977,FALSE"Groton, MA",45,42.6112242,-71.5745402,FALSE"Grove City, OH",2,39.8814519,-83.0929645,FALSE"Hampstead, NH",11,42.8745323,-71.1811714,FALSE"Hancock, NH",10,42.9728594,-71.9798028,FALSE"Haverhill, MA",4,42.7777829,-71.0767724,FALSE"Henniker, NH",4,43.179645,-71.822433,FALSE"Hialeah, FL",2,25.8575963,-80.2781057,FALSE"Hillsboro, NH",2,43.1148019,-71.8950798,FALSE"Hollis, NH",348,42.7431621,-71.591333,FALSE"Holly Springs, NC",3,35.6512655,-78.8336218,FALSE"Hooksett, NH",77,43.096972,-71.465378,FALSE"Hopkinton, MA",11,42.2288427,-71.5195534,FALSE"Hudson, NH",421,42.7654433,-71.4397167,FALSE"Jaffrey, NH",22,42.813973,-72.023136,FALSE"Jamesburg, NJ",2,40.3526079,-74.4401513,FALSE"Keene, NH",12,42.933597,-72.2784264,FALSE"Laconia, NH",4,43.5278546,-71.470351,FALSE"Lawrence, MA",4,42.7070354,-71.1631137,FALSE"Leominster, MA",10,42.5250906,-71.759794,FALSE"Lewisville, TX",2,33.046233,-96.994174,FALSE"Lexington, MA",4,42.4473175,-71.2245003,FALSE"Litchfield, NH",291,42.8442536,-71.4797889,FALSE"Littleton, CO",4,39.613321,-105.0166498,FALSE"Littleton, MA",6,42.5375917,-71.5120096,FALSE"Londonderry, NH",291,42.8650869,-71.3739532,FALSE"Lowell, MA",45,42.6334247,-71.3161718,FALSE"Lunenburg, MA",5,42.5945342,-71.724516,FALSE"Lyndeborough, NH",21,42.9075843,-71.7664642,FALSE"Lynn, MA",4,42.466763,-70.9494939,FALSE"Manchester, NH",616,42.9956397,-71.4547891,FALSE"Marlborough, NH",4,42.9042483,-72.2078618,FALSE"Medford, MA",4,42.4184296,-71.1061639,FALSE"Melrose, MA",4,42.4564323,-71.064182,FALSE"Meredith, NH",3,43.657937,-71.500397,FALSE"Merrimack, NH",9468,42.8650864,-71.4934004,FALSE"Methuen, MA",4,42.7262016,-71.1908924,FALSE"Middletown, CT",2,41.5623178,-72.6509061,FALSE"Milford, NH",839,42.8353641,-71.6489604,FALSE"Milton, MA",2,42.2501425,-71.065573,FALSE"Mont Vernon, NH",94,42.8945294,-71.6742394,FALSE"Mooresville, NC",3,35.5848596,-80.8100724,FALSE"Murfreesboro, TN",2,35.845999,-86.3920452,FALSE"Nashua, NH",3448,42.7653662,-71.467566,FALSE"Needham, MA",5,42.283431,-71.2328329,FALSE"New Bedford, MA",4,41.6362152,-70.934205,FALSE"New Boston, NH",30,42.9761945,-71.6939626,FALSE"New Ipswich, NH",17,42.7481421,-71.8542429,FALSE"New London, NH",2,43.414026,-71.985168,FALSE"New York, NY",2,40.7127281,-74.0060152,FALSE"Newburyport, MA",2,42.8125913,-70.8772751,FALSE"Newfields, NH",6,43.0370316,-70.9383906,FALSE"North Chelmsford, MA",26,42.6389798,-71.3828403,FALSE"North Waterboro, ME",3,43.6203572,-70.7353363,FALSE"Norwich, CT",2,41.5242649,-72.0759105,FALSE"Paoli, PA",6,40.040739,-75.49284449,FALSE"Pasadena, MD",3,39.1106375,-76.55069675,FALSE"Pelham, NH",24,42.734534,-71.3245067,FALSE"Pepperell, MA",106,42.6659227,-71.5884018,FALSE"Peterborough, NH",43,42.8705821,-71.9515459,FALSE"Pittsburg, NH",20,45.05121,-71.391907,FALSE"Plainville, CT",8,41.6744269,-72.85530332,FALSE"Portsmouth, NH",2,43.0717552,-70.7625532,FALSE"Raymond, NH",10,43.0361961,-71.1833951,FALSE"Reston, VA",4,38.9584018,-77.3579743,FALSE"Rindge, NH",37,42.7511964,-72.0098021,FALSE"Rochester, NH",6,43.3050631,-70.9753629,FALSE"Ruther Glen, VA",2,37.9287494,-77.4558151,FALSE"Salem, NH",14,42.7884226,-71.2008933,FALSE"Salisbury, MA",2,42.8417577,-70.8606083,FALSE"Salisbury, NH",5,43.380099,-71.717377,FALSE"Sandown, NH",4,42.928698,-71.1870053,FALSE"Saranac Lake, NY",4,44.329497,-74.131279,FALSE"Schenectady, NY",5,42.8142432,-73.9395687,FALSE"South Hamilton, MA",2,42.6070387,-70.878661,FALSE"South Portland, ME",6,43.6414716,-70.2408811,FALSE"Southwick, MA",7,42.0548167,-72.7703724,FALSE"Staten Island, NY",2,40.5834557,-74.1496048,FALSE"Strafford, NH",3,43.3312505,-71.0399927,FALSE"Sullivan, NH",8,43.0131353,-72.2209182,FALSE"Suncook, NH",2,43.130638,-71.4531241,FALSE"Swampscott, MA",5,42.4699241,-70.9171507,FALSE"Swanzey, NH",2,42.8698041,-72.2817518,FALSE"Tacoma, WA",2,47.2495798,-122.4398746,FALSE"Tamworth, NH",4,43.860277,-71.263504,FALSE"Temple, NH",12,42.818603,-71.851566,FALSE"Townsend, MA",31,42.6667555,-71.7050718,FALSE"Tyngsboro, MA",42,42.619195,-71.44378,FALSE"Waterville, ME",2,44.5520105,-69.6317121,FALSE"Weare, NH",21,43.094966,-71.73111,FALSE"Wellesley Hills, MA",2,42.3104264,-71.2770514,FALSE"West Townsend, MA",4,42.6775885,-71.7403506,FALSE"Westford, MA",48,42.5792583,-71.4378411,FALSE"Whitefield, NH",2,44.373441,-71.61026,FALSE"Wilton, NH",127,42.843419,-71.7350741,FALSE"Winchester, MA",2,42.4523178,-71.1369982,FALSE"Windham, NH",30,42.8006441,-71.304229,FALSE"Windsor, VT",7,43.5480465,-72.5944539,FALSE"Woburn, MA",4,42.4792618,-71.1522766,FALSE"Woodbridge, VA",2,38.6581723,-77.2497049,FALSEStore Location,NA,42.848935,-71.494521,TRUE